AL012018,            ALBERTO,26,,,,,,,,,,,,,,,,,
20180525,1200,  , SD, 18.8N,  87.1W,30,1006,0,0,0,0,0,0,0,0,0,0,0,0
20180525,1800,  , SD, 18.7N,  86.5W,30,1006,0,0,0,0,0,0,0,0,0,0,0,0
20180526,0,  , SD, 18.9N,  85.9W,30,1006,0,0,0,0,0,0,0,0,0,0,0,0
20180526,600,  , SD, 19.6N,  85.7W,30,1005,0,0,0,0,0,0,0,0,0,0,0,0
20180526,1200,  , SD, 21.3N,  85.6W,30,1004,0,0,0,0,0,0,0,0,0,0,0,0
20180526,1800,  , SS, 22.6N,  85.3W,35,1002,120,100,0,0,0,0,0,0,0,0,0,0
20180527,0,  , SS, 23.6N,  84.8W,35,1000,120,100,0,0,0,0,0,0,0,0,0,0
20180527,600,  , SS, 24.9N,  84.3W,35,998,120,100,0,0,0,0,0,0,0,0,0,0
20180527,1200,  , SS, 26.6N,  84.4W,40,995,110,90,0,60,0,0,0,0,0,0,0,0
20180527,1800,  , SS, 27.6N,  85.0W,45,992,100,80,40,70,0,0,0,0,0,0,0,0
20180528,0,  , TS, 28.2N,  85.8W,55,991,100,70,40,80,40,40,0,0,0,0,0,0
20180528,600,  , TS, 28.6N,  86.0W,55,990,90,70,50,90,40,40,0,0,0,0,0,0
20180528,1200,  , TS, 29.1N,  85.9W,50,991,90,70,50,80,40,40,0,0,0,0,0,0
20180528,1800,  , TS, 29.8N,  85.9W,45,991,80,60,40,70,0,0,0,0,0,0,0,0
20180528,2100, L, TS, 30.3N,  86.0W,40,992,80,60,40,60,0,0,0,0,0,0,0,0
20180529,0,  , TD, 30.9N,  86.1W,30,993,0,0,0,0,0,0,0,0,0,0,0,0
20180529,600,  , TD, 31.9N,  86.6W,30,994,0,0,0,0,0,0,0,0,0,0,0,0
20180529,1200,  , TD, 33.0N,  87.0W,30,996,0,0,0,0,0,0,0,0,0,0,0,0
20180529,1800,  , TD, 34.2N,  87.3W,30,997,0,0,0,0,0,0,0,0,0,0,0,0
20180530,0,  , TD, 35.4N,  87.6W,30,998,0,0,0,0,0,0,0,0,0,0,0,0
20180530,600,  , TD, 36.7N,  87.9W,30,998,0,0,0,0,0,0,0,0,0,0,0,0
20180530,1200,  , TD, 38.2N,  87.7W,30,998,0,0,0,0,0,0,0,0,0,0,0,0
20180530,1800,  , TD, 39.9N,  87.0W,30,998,0,0,0,0,0,0,0,0,0,0,0,0
20180531,0,  , TD, 41.5N,  86.0W,30,997,0,0,0,0,0,0,0,0,0,0,0,0
20180531,600,  , LO, 43.5N,  84.6W,30,995,0,0,0,0,0,0,0,0,0,0,0,0
20180531,1200,  , LO, 46.0N,  83.3W,30,995,0,0,0,0,0,0,0,0,0,0,0,0
AL022018,              BERYL,52,,,,,,,,,,,,,,,,,
20180704,1200,  , TD, 10.0N,  34.9W,30,1008,0,0,0,0,0,0,0,0,0,0,0,0
20180704,1800,  , TD, 10.1N,  36.5W,30,1008,0,0,0,0,0,0,0,0,0,0,0,0
20180705,0,  , TS, 10.1N,  38.0W,35,1007,0,0,0,30,0,0,0,0,0,0,0,0
20180705,600,  , TS, 10.1N,  39.5W,35,1007,30,0,0,30,0,0,0,0,0,0,0,0
20180705,1200,  , TS, 10.2N,  40.9W,40,1005,30,0,0,30,0,0,0,0,0,0,0,0
20180705,1800,  , TS, 10.3N,  42.3W,45,1003,30,0,0,30,0,0,0,0,0,0,0,0
20180706,0,  , TS, 10.3N,  43.4W,55,999,30,20,20,30,10,0,0,10,0,0,0,0
20180706,600,  , HU, 10.5N,  44.6W,70,991,30,20,20,30,20,10,10,20,10,0,0,10
20180706,1200,  , HU, 10.7N,  46.0W,70,992,30,20,20,30,20,10,10,20,10,0,0,10
20180706,1800,  , HU, 10.6N,  47.3W,65,993,30,20,20,30,20,10,10,20,10,0,0,10
20180707,0,  , HU, 10.7N,  48.3W,65,994,30,20,20,30,20,10,10,20,10,0,0,10
20180707,600,  , HU, 11.1N,  49.3W,65,995,30,20,20,30,20,10,10,20,10,0,0,10
20180707,1200,  , TS, 11.7N,  50.4W,55,999,30,20,20,30,20,10,0,20,0,0,0,0
20180707,1800,  , TS, 12.4N,  52.0W,45,1003,40,20,0,30,0,0,0,0,0,0,0,0
20180708,0,  , TS, 12.9N,  53.6W,45,1005,40,20,0,30,0,0,0,0,0,0,0,0
20180708,600,  , TS, 13.4N,  55.2W,45,1006,40,20,0,30,0,0,0,0,0,0,0,0
20180708,1200,  , DB, 14.1N,  56.9W,45,1006,40,20,0,30,0,0,0,0,0,0,0,0
20180708,1800,  , DB, 14.8N,  59.2W,40,1008,40,0,0,30,0,0,0,0,0,0,0,0
20180709,0,  , DB, 15.5N,  61.3W,35,1010,40,0,0,30,0,0,0,0,0,0,0,0
20180709,600,  , DB, 16.2N,  63.2W,35,1011,40,0,0,30,0,0,0,0,0,0,0,0
20180709,1200,  , DB, 16.6N,  65.3W,35,1013,40,0,0,40,0,0,0,0,0,0,0,0
20180709,1800,  , DB, 17.1N,  67.1W,35,1013,40,0,0,40,0,0,0,0,0,0,0,0
20180710,0,  , DB, 17.6N,  68.9W,35,1013,40,0,0,40,0,0,0,0,0,0,0,0
20180710,600,  , DB, 18.1N,  70.5W,30,1013,0,0,0,0,0,0,0,0,0,0,0,0
20180710,1200,  , DB, 19.3N,  71.6W,30,1013,0,0,0,0,0,0,0,0,0,0,0,0
20180710,1800,  , DB, 20.2N,  72.4W,30,1013,0,0,0,0,0,0,0,0,0,0,0,0
20180711,0,  , DB, 21.3N,  73.0W,25,1013,0,0,0,0,0,0,0,0,0,0,0,0
20180711,600,  , DB, 22.4N,  73.6W,25,1013,0,0,0,0,0,0,0,0,0,0,0,0
20180711,1200,  , DB, 23.7N,  73.8W,25,1013,0,0,0,0,0,0,0,0,0,0,0,0
20180711,1800,  , DB, 25.2N,  73.8W,25,1013,0,0,0,0,0,0,0,0,0,0,0,0
20180712,0,  , DB, 26.7N,  73.6W,25,1013,0,0,0,0,0,0,0,0,0,0,0,0
20180712,600,  , DB, 28.2N,  73.1W,25,1013,0,0,0,0,0,0,0,0,0,0,0,0
20180712,1200,  , DB, 29.6N,  72.4W,25,1013,0,0,0,0,0,0,0,0,0,0,0,0
20180712,1800,  , DB, 30.8N,  71.6W,25,1013,0,0,0,0,0,0,0,0,0,0,0,0
20180713,0,  , DB, 31.9N,  70.7W,25,1013,0,0,0,0,0,0,0,0,0,0,0,0
20180713,600,  , DB, 32.6N,  70.1W,25,1013,0,0,0,0,0,0,0,0,0,0,0,0
20180713,1200,  , LO, 33.3N,  69.4W,25,1013,0,0,0,0,0,0,0,0,0,0,0,0
20180713,1800,  , LO, 33.9N,  68.6W,25,1013,0,0,0,0,0,0,0,0,0,0,0,0
20180714,0,  , LO, 34.5N,  68.0W,25,1013,0,0,0,0,0,0,0,0,0,0,0,0
20180714,600,  , LO, 35.0N,  67.3W,30,1013,0,0,0,0,0,0,0,0,0,0,0,0
20180714,1200,  , SS, 35.6N,  66.2W,35,1008,70,0,0,0,0,0,0,0,0,0,0,0
20180714,1800,  , SS, 36.7N,  65.5W,35,1007,70,0,0,0,0,0,0,0,0,0,0,0
20180715,0,  , SS, 37.8N,  65.5W,35,1005,60,0,0,0,0,0,0,0,0,0,0,0
20180715,600,  , SS, 38.2N,  65.4W,35,1006,50,50,0,0,0,0,0,0,0,0,0,0
20180715,1200,  , SS, 38.1N,  65.1W,35,1008,30,50,50,0,0,0,0,0,0,0,0,0
20180715,1800,  , SS, 38.0N,  64.3W,35,1009,30,40,30,0,0,0,0,0,0,0,0,0
20180716,0,  , LO, 38.3N,  63.1W,35,1010,30,30,0,0,0,0,0,0,0,0,0,0
20180716,600,  , LO, 38.7N,  61.8W,35,1011,30,30,0,0,0,0,0,0,0,0,0,0
20180716,1200,  , LO, 39.5N,  60.2W,35,1011,30,30,0,0,0,0,0,0,0,0,0,0
20180716,1800,  , LO, 40.7N,  58.5W,35,1012,30,30,0,0,0,0,0,0,0,0,0,0
20180717,0,  , LO, 43.0N,  57.1W,30,1012,0,0,0,0,0,0,0,0,0,0,0,0
20180717,600,  , LO, 45.5N,  55.7W,30,1012,0,0,0,0,0,0,0,0,0,0,0,0
AL032018,              CHRIS,50,,,,,,,,,,,,,,,,,
20180705,600,  , LO, 30.7N,  68.5W,20,1021,0,0,0,0,0,0,0,0,0,0,0,0
20180705,1200,  , LO, 30.7N,  69.7W,20,1021,0,0,0,0,0,0,0,0,0,0,0,0
20180705,1800,  , LO, 30.8N,  70.7W,20,1020,0,0,0,0,0,0,0,0,0,0,0,0
20180706,0,  , LO, 30.9N,  71.7W,25,1019,0,0,0,0,0,0,0,0,0,0,0,0
20180706,600,  , LO, 31.2N,  72.6W,25,1018,0,0,0,0,0,0,0,0,0,0,0,0
20180706,1200,  , TD, 31.5N,  73.1W,25,1016,0,0,0,0,0,0,0,0,0,0,0,0
20180706,1800,  , TD, 31.8N,  73.6W,25,1016,0,0,0,0,0,0,0,0,0,0,0,0
20180707,0,  , TD, 32.2N,  74.2W,25,1015,0,0,0,0,0,0,0,0,0,0,0,0
20180707,600,  , TD, 32.6N,  74.6W,25,1015,0,0,0,0,0,0,0,0,0,0,0,0
20180707,1200,  , TD, 32.7N,  74.9W,25,1015,0,0,0,0,0,0,0,0,0,0,0,0
20180707,1800,  , TD, 32.8N,  75.2W,30,1014,0,0,0,0,0,0,0,0,0,0,0,0
20180708,0,  , TD, 32.9N,  75.3W,30,1012,0,0,0,0,0,0,0,0,0,0,0,0
20180708,600,  , TS, 33.1N,  75.4W,35,1010,0,50,0,0,0,0,0,0,0,0,0,0
20180708,1200,  , TS, 33.1N,  75.0W,35,1008,50,50,0,0,0,0,0,0,0,0,0,0
20180708,1800,  , TS, 32.8N,  74.8W,40,1007,50,50,0,30,0,0,0,0,0,0,0,0
20180709,0,  , TS, 32.6N,  74.6W,45,1005,50,60,30,40,0,0,0,0,0,0,0,0
20180709,600,  , TS, 32.4N,  74.5W,45,1001,60,60,40,50,0,0,0,0,0,0,0,0
20180709,1200,  , TS, 32.2N,  74.6W,50,999,60,60,50,60,30,20,20,30,0,0,0,0
20180709,1800,  , TS, 32.1N,  74.4W,55,996,60,60,60,60,30,30,30,30,0,0,0,0
20180710,0,  , TS, 32.2N,  74.3W,60,994,60,60,60,60,30,30,30,30,0,0,0,0
20180710,600,  , TS, 32.4N,  74.1W,60,992,60,60,60,60,30,30,30,30,0,0,0,0
20180710,1200,  , HU, 32.9N,  73.5W,65,990,60,60,60,60,30,30,30,30,15,0,0,0
20180710,1800,  , HU, 33.4N,  72.8W,75,983,80,80,60,60,50,50,30,30,15,15,0,0
20180711,0,  , HU, 33.9N,  71.9W,90,969,80,80,60,60,50,50,30,30,20,20,15,15
20180711,600,  , HU, 34.6N,  70.7W,90,969,80,80,60,60,50,50,30,30,20,20,15,15
20180711,1200,  , HU, 35.6N,  69.1W,85,973,100,110,80,70,50,60,30,30,20,25,20,15
20180711,1800,  , HU, 37.0N,  66.8W,80,976,120,140,110,80,60,70,50,30,25,30,30,0
20180712,0,  , HU, 38.5N,  64.3W,75,980,130,150,130,90,60,70,50,50,35,35,30,0
20180712,600,  , HU, 40.9N,  61.7W,65,985,150,150,130,90,60,70,50,50,35,35,30,0
20180712,1200,  , TS, 43.3N,  59.2W,60,987,180,180,150,90,60,70,50,50,0,0,0,0
20180712,1800,  , EX, 45.7N,  56.4W,55,989,180,180,150,90,60,70,50,50,0,0,0,0
20180713,0,  , EX, 48.0N,  53.4W,45,998,150,180,150,80,0,0,0,0,0,0,0,0
20180713,600,  , EX, 50.0N,  50.0W,45,999,150,180,150,80,0,0,0,0,0,0,0,0
20180713,1200,  , EX, 51.0N,  45.0W,40,1000,150,180,210,80,0,0,0,0,0,0,0,0
20180713,1800,  , EX, 52.0N,  39.0W,40,1000,0,240,300,0,0,0,0,0,0,0,0,0
20180714,0,  , EX, 53.5N,  33.5W,40,997,0,360,360,0,0,0,0,0,0,0,0,0
20180714,600,  , EX, 56.0N,  28.0W,45,993,0,360,360,0,0,0,0,0,0,0,0,0
20180714,1200,  , EX, 58.0N,  25.0W,45,988,0,360,360,0,0,0,0,0,0,0,0,0
20180714,1800,  , EX, 59.5N,  22.5W,45,986,0,360,360,0,0,0,0,0,0,0,0,0
20180715,0,  , EX, 60.5N,  21.0W,45,983,0,360,360,0,0,0,0,0,0,0,0,0
20180715,600,  , EX, 60.6N,  20.6W,40,985,0,300,300,0,0,0,0,0,0,0,0,0
20180715,1200,  , EX, 60.7N,  20.3W,35,988,0,240,240,0,0,0,0,0,0,0,0,0
20180715,1800,  , EX, 60.9N,  19.5W,30,990,0,0,0,0,0,0,0,0,0,0,0,0
20180716,0,  , EX, 61.0N,  18.5W,25,992,0,0,0,0,0,0,0,0,0,0,0,0
20180716,600,  , EX, 61.1N,  16.3W,25,994,0,0,0,0,0,0,0,0,0,0,0,0
20180716,1200,  , EX, 61.3N,  13.7W,25,996,0,0,0,0,0,0,0,0,0,0,0,0
20180716,1800,  , EX, 62.1N,  12.5W,25,999,0,0,0,0,0,0,0,0,0,0,0,0
20180717,0,  , EX, 63.1N,  12.0W,20,1002,0,0,0,0,0,0,0,0,0,0,0,0
20180717,600,  , EX, 63.3N,  11.8W,20,1005,0,0,0,0,0,0,0,0,0,0,0,0
20180717,1200,  , EX, 63.5N,  11.5W,15,1007,0,0,0,0,0,0,0,0,0,0,0,0
AL042018,              DEBBY,32,,,,,,,,,,,,,,,,,
20180802,1800,  , EX, 41.2N,  33.7W,30,1012,0,0,0,0,0,0,0,0,0,0,0,0
20180803,0,  , EX, 40.8N,  35.5W,35,1011,0,0,90,90,0,0,0,0,0,0,0,0
20180803,600,  , EX, 40.4N,  37.2W,35,1011,0,0,90,90,0,0,0,0,0,0,0,0
20180803,1200,  , EX, 39.9N,  38.9W,35,1011,0,0,90,90,0,0,0,0,0,0,0,0
20180803,1800,  , LO, 39.2N,  40.5W,35,1010,0,0,90,90,0,0,0,0,0,0,0,0
20180804,0,  , LO, 38.6N,  42.2W,35,1010,0,0,90,90,0,0,0,0,0,0,0,0
20180804,600,  , LO, 37.8N,  44.0W,30,1010,0,0,0,0,0,0,0,0,0,0,0,0
20180804,1200,  , LO, 36.7N,  45.1W,30,1010,0,0,0,0,0,0,0,0,0,0,0,0
20180804,1800,  , LO, 35.7N,  46.0W,30,1010,0,0,0,0,0,0,0,0,0,0,0,0
20180805,0,  , LO, 34.8N,  47.2W,30,1010,0,0,0,0,0,0,0,0,0,0,0,0
20180805,600,  , LO, 33.9N,  48.4W,30,1010,0,0,0,0,0,0,0,0,0,0,0,0
20180805,1200,  , LO, 32.9N,  49.2W,30,1010,0,0,0,0,0,0,0,0,0,0,0,0
20180805,1800,  , LO, 32.2N,  49.8W,30,1010,0,0,0,0,0,0,0,0,0,0,0,0
20180806,0,  , LO, 31.7N,  50.3W,30,1010,0,0,0,0,0,0,0,0,0,0,0,0
20180806,600,  , LO, 31.3N,  50.0W,30,1010,0,0,0,0,0,0,0,0,0,0,0,0
20180806,1200,  , LO, 31.9N,  49.5W,30,1010,0,0,0,0,0,0,0,0,0,0,0,0
20180806,1800,  , LO, 32.6N,  48.9W,30,1010,0,0,0,0,0,0,0,0,0,0,0,0
20180807,0,  , LO, 33.7N,  47.9W,30,1009,0,0,0,0,0,0,0,0,0,0,0,0
20180807,600,  , SS, 36.0N,  47.6W,35,1008,140,0,0,0,0,0,0,0,0,0,0,0
20180807,1200,  , SS, 37.9N,  48.1W,35,1008,140,0,0,0,0,0,0,0,0,0,0,0
20180807,1800,  , SS, 39.0N,  49.0W,35,1008,120,80,0,0,0,0,0,0,0,0,0,0
20180808,0,  , TS, 39.7N,  49.2W,35,1006,50,50,0,0,0,0,0,0,0,0,0,0
20180808,600,  , TS, 40.4N,  49.0W,40,1003,40,40,30,0,0,0,0,0,0,0,0,0
20180808,1200,  , TS, 41.0N,  48.6W,40,1003,40,40,30,0,0,0,0,0,0,0,0,0
20180808,1800,  , TS, 41.6N,  48.1W,40,1000,40,50,0,0,0,0,0,0,0,0,0,0
20180809,0,  , TS, 42.4N,  47.2W,45,998,30,60,0,0,0,0,0,0,0,0,0,0
20180809,600,  , TS, 43.2N,  46.0W,40,1000,30,60,0,0,0,0,0,0,0,0,0,0
20180809,1200,  , TS, 44.0N,  44.4W,40,1002,0,90,0,0,0,0,0,0,0,0,0,0
20180809,1800,  , LO, 45.1N,  42.0W,35,1004,0,90,0,0,0,0,0,0,0,0,0,0
20180810,0,  , EX, 45.9N,  38.5W,35,1004,0,90,0,0,0,0,0,0,0,0,0,0
20180810,600,  , EX, 46.5N,  34.7W,35,1004,0,90,0,0,0,0,0,0,0,0,0,0
20180810,1200,  , EX, 47.0N,  30.8W,30,1004,0,0,0,0,0,0,0,0,0,0,0,0
AL052018,            ERNESTO,18,,,,,,,,,,,,,,,,,
20180815,0,  , LO, 36.9N,  45.5W,30,1011,0,0,0,0,0,0,0,0,0,0,0,0
20180815,600,  , SD, 37.4N,  45.7W,30,1009,0,0,0,0,0,0,0,0,0,0,0,0
20180815,1200,  , SS, 37.8N,  45.9W,35,1008,120,140,0,0,0,0,0,0,0,0,0,0
20180815,1800,  , SS, 38.5N,  45.8W,35,1008,120,140,0,0,0,0,0,0,0,0,0,0
20180816,0,  , SS, 39.3N,  45.4W,35,1008,120,140,0,0,0,0,0,0,0,0,0,0
20180816,600,  , SS, 40.3N,  44.7W,35,1008,120,140,0,0,0,0,0,0,0,0,0,0
20180816,1200,  , SS, 41.5N,  43.8W,40,1007,90,140,0,0,0,0,0,0,0,0,0,0
20180816,1800,  , TS, 42.4N,  42.1W,40,1007,90,140,0,0,0,0,0,0,0,0,0,0
20180817,0,  , TS, 43.5N,  40.2W,40,1007,90,140,0,0,0,0,0,0,0,0,0,0
20180817,600,  , TS, 44.9N,  37.9W,40,1006,90,140,0,0,0,0,0,0,0,0,0,0
20180817,1200,  , TS, 46.6N,  35.1W,40,1005,70,140,60,0,0,0,0,0,0,0,0,0
20180817,1800,  , TS, 48.3N,  31.8W,40,1003,0,160,100,0,0,0,0,0,0,0,0,0
20180818,0,  , LO, 49.8N,  27.7W,40,999,0,150,130,0,0,0,0,0,0,0,0,0
20180818,600,  , EX, 51.3N,  22.6W,35,1002,0,150,130,0,0,0,0,0,0,0,0,0
20180818,1200,  , EX, 52.3N,  18.2W,35,1003,0,150,130,0,0,0,0,0,0,0,0,0
20180818,1800,  , EX, 53.4N,  13.8W,35,1004,0,150,130,0,0,0,0,0,0,0,0,0
20180819,0,  , EX, 54.2N,   9.6W,35,1005,0,180,0,0,0,0,0,0,0,0,0,0
20180819,600,  , EX, 55.0N,   4.5W,35,1007,0,180,0,0,0,0,0,0,0,0,0,0
AL062018,           FLORENCE,79,,,,,,,,,,,,,,,,,
20180830,600,  , LO, 12.8N,  16.9W,20,1008,0,0,0,0,0,0,0,0,0,0,0,0
20180830,1200,  , LO, 12.8N,  17.9W,25,1007,0,0,0,0,0,0,0,0,0,0,0,0
20180830,1800,  , LO, 12.8N,  19.0W,25,1007,0,0,0,0,0,0,0,0,0,0,0,0
20180831,0,  , LO, 13.1N,  20.2W,30,1006,0,0,0,0,0,0,0,0,0,0,0,0
20180831,600,  , LO, 13.4N,  21.4W,30,1006,0,0,0,0,0,0,0,0,0,0,0,0
20180831,1200,  , LO, 13.6N,  22.6W,30,1006,0,0,0,0,0,0,0,0,0,0,0,0
20180831,1800,  , TD, 13.8N,  23.8W,30,1006,0,0,0,0,0,0,0,0,0,0,0,0
20180901,0,  , TD, 14.0N,  24.9W,30,1006,0,0,0,0,0,0,0,0,0,0,0,0
20180901,600,  , TS, 14.3N,  26.1W,35,1005,30,30,0,30,0,0,0,0,0,0,0,0
20180901,1200,  , TS, 14.8N,  27.2W,35,1004,30,30,0,30,0,0,0,0,0,0,0,0
20180901,1800,  , TS, 15.4N,  28.3W,40,1002,40,40,20,40,0,0,0,0,0,0,0,0
20180902,0,  , TS, 15.9N,  29.6W,45,1000,40,40,20,40,0,0,0,0,0,0,0,0
20180902,600,  , TS, 16.4N,  30.9W,50,999,40,40,20,40,20,0,0,20,0,0,0,0
20180902,1200,  , TS, 16.8N,  32.4W,50,998,50,40,20,50,20,0,0,20,0,0,0,0
20180902,1800,  , TS, 17.1N,  33.8W,50,998,50,40,20,50,20,0,0,20,0,0,0,0
20180903,0,  , TS, 17.6N,  35.2W,50,997,50,40,20,50,20,0,0,20,0,0,0,0
20180903,600,  , TS, 17.9N,  36.6W,50,997,50,40,20,50,20,20,0,20,0,0,0,0
20180903,1200,  , TS, 18.2N,  38.0W,55,996,60,50,20,60,20,20,0,20,0,0,0,0
20180903,1800,  , TS, 18.4N,  39.2W,60,993,60,50,30,40,20,20,0,20,0,0,0,0
20180904,0,  , HU, 18.7N,  40.2W,65,990,70,60,30,70,30,20,0,30,15,0,0,15
20180904,600,  , HU, 19.1N,  41.2W,65,989,70,60,40,70,30,20,20,30,15,0,0,15
20180904,1200,  , HU, 19.5N,  42.0W,70,986,80,60,40,80,40,30,20,40,15,10,10,15
20180904,1800,  , HU, 20.0N,  42.7W,75,982,80,70,50,80,40,30,20,40,15,15,10,15
20180905,0,  , HU, 20.4N,  43.4W,85,975,80,70,50,80,40,30,20,40,15,15,10,15
20180905,600,  , HU, 21.1N,  44.3W,95,968,90,80,50,90,40,30,20,40,15,15,10,15
20180905,1200,  , HU, 21.7N,  45.2W,105,960,90,80,50,90,50,30,20,50,20,15,10,20
20180905,1800,  , HU, 22.4N,  46.2W,115,950,90,90,50,90,50,30,20,50,20,15,10,20
20180906,0,  , HU, 23.1N,  46.9W,115,950,90,90,50,90,50,30,20,50,20,15,10,20
20180906,600,  , HU, 23.8N,  47.6W,105,958,90,90,50,90,50,30,20,50,20,15,10,20
20180906,1200,  , HU, 24.4N,  48.2W,90,970,90,90,50,90,50,30,20,40,15,15,10,15
20180906,1800,  , HU, 24.8N,  49.0W,75,980,90,80,40,90,50,30,20,40,15,15,0,15
20180907,0,  , TS, 25.0N,  49.6W,60,990,100,70,40,90,40,30,20,40,0,0,0,0
20180907,600,  , TS, 25.0N,  50.3W,55,992,100,70,40,100,40,20,0,40,0,0,0,0
20180907,1200,  , TS, 24.9N,  51.1W,55,993,100,70,40,100,40,20,0,40,0,0,0,0
20180907,1800,  , TS, 24.8N,  52.0W,55,993,100,70,40,100,30,20,0,30,0,0,0,0
20180908,0,  , TS, 24.7N,  52.9W,55,993,100,70,40,100,30,20,0,30,0,0,0,0
20180908,600,  , TS, 24.6N,  53.6W,55,993,100,70,40,100,30,20,0,30,0,0,0,0
20180908,1200,  , TS, 24.6N,  54.1W,55,992,100,70,40,100,30,20,0,30,0,0,0,0
20180908,1800,  , TS, 24.6N,  54.5W,60,989,100,80,40,100,30,20,10,30,0,0,0,0
20180909,0,  , TS, 24.5N,  55.0W,60,989,100,80,50,100,30,20,15,30,0,0,0,0
20180909,600,  , TS, 24.4N,  55.5W,60,988,100,90,50,100,30,20,15,30,0,0,0,0
20180909,1200,  , HU, 24.4N,  56.1W,65,984,100,90,50,100,40,30,20,40,10,0,0,0
20180909,1800,  , HU, 24.4N,  56.7W,70,979,110,100,50,110,40,30,20,40,15,10,10,15
20180910,0,  , HU, 24.5N,  57.3W,80,973,110,100,60,110,40,30,20,40,20,15,10,20
20180910,600,  , HU, 24.7N,  58.4W,90,967,110,110,60,110,40,30,20,40,20,15,10,20
20180910,1200,  , HU, 24.9N,  59.5W,105,954,120,110,70,120,50,40,30,50,25,20,15,25
20180910,1800,  , HU, 25.2N,  60.6W,120,940,120,120,80,120,60,50,40,60,30,25,20,30
20180911,0,  , HU, 25.6N,  61.8W,115,944,130,130,90,130,60,60,50,60,35,30,25,35
20180911,600,  , HU, 26.0N,  63.2W,115,950,130,130,90,140,60,60,50,60,35,30,25,35
20180911,1200,  , HU, 26.5N,  64.7W,125,947,140,130,90,120,70,60,50,70,40,35,35,40
20180911,1800,  , HU, 27.2N,  66.4W,130,937,150,130,100,140,80,60,50,70,50,40,40,45
20180912,0,  , HU, 27.9N,  68.1W,120,943,150,130,100,140,80,60,50,70,50,45,40,45
20180912,600,  , HU, 28.7N,  69.5W,115,945,150,140,110,140,80,65,60,70,60,50,40,50
20180912,1200,  , HU, 29.4N,  70.7W,115,945,150,140,110,130,90,80,60,70,60,60,40,50
20180912,1800,  , HU, 30.4N,  71.9W,110,949,170,140,110,140,90,80,60,70,60,60,40,50
20180913,0,  , HU, 31.5N,  73.2W,105,955,170,140,110,140,110,80,70,80,70,60,50,60
20180913,600,  , HU, 32.4N,  74.2W,100,955,170,150,110,140,100,90,70,80,70,60,50,60
20180913,1200,  , HU, 33.1N,  75.1W,95,954,170,150,120,140,100,90,80,80,70,60,50,60
20180913,1800,  , HU, 33.6N,  76.0W,90,953,170,150,120,140,100,90,80,80,70,60,50,60
20180914,0,  , HU, 34.0N,  76.5W,90,952,170,150,130,100,100,80,80,70,70,60,50,50
20180914,600,  , HU, 34.2N,  77.2W,85,952,170,150,130,100,100,80,80,70,70,60,60,50
20180914,1115, L, HU, 34.2N,  77.8W,80,956,170,150,140,90,100,80,80,60,70,60,60,40
20180914,1200,  , HU, 34.1N,  77.9W,80,957,170,150,140,80,100,80,80,40,60,60,60,20
20180914,1800,  , HU, 34.0N,  78.4W,65,969,150,130,120,70,90,70,60,30,0,30,30,0
20180915,0,  , TS, 33.9N,  78.8W,60,978,150,150,100,60,70,70,50,30,0,0,0,0
20180915,600,  , TS, 33.7N,  79.3W,55,986,150,150,90,50,70,70,0,0,0,0,0,0
20180915,1200,  , TS, 33.6N,  79.5W,55,992,150,130,80,40,60,100,0,0,0,0,0,0
20180915,1800,  , TS, 33.6N,  79.8W,50,997,140,130,0,0,0,110,0,0,0,0,0,0
20180916,0,  , TS, 33.6N,  80.2W,45,998,130,130,0,0,0,0,0,0,0,0,0,0
20180916,600,  , TS, 33.6N,  80.8W,40,999,130,130,0,0,0,0,0,0,0,0,0,0
20180916,1200,  , TS, 33.6N,  81.5W,35,1002,0,140,0,0,0,0,0,0,0,0,0,0
20180916,1800,  , TD, 34.1N,  82.1W,30,1006,0,0,0,0,0,0,0,0,0,0,0,0
20180917,0,  , TD, 35.0N,  82.2W,25,1007,0,0,0,0,0,0,0,0,0,0,0,0
20180917,600,  , TD, 36.4N,  82.6W,25,1008,0,0,0,0,0,0,0,0,0,0,0,0
20180917,1200,  , EX, 38.7N,  82.0W,25,1008,0,0,0,0,0,0,0,0,0,0,0,0
20180917,1800,  , EX, 38.8N,  82.0W,25,1008,0,0,0,0,0,0,0,0,0,0,0,0
20180918,0,  , EX, 39.5N,  80.5W,25,1008,0,0,0,0,0,0,0,0,0,0,0,0
20180918,600,  , EX, 41.3N,  76.8W,25,1007,0,0,0,0,0,0,0,0,0,0,0,0
20180918,1200,  , EX, 42.2N,  73.3W,25,1006,0,0,0,0,0,0,0,0,0,0,0,0
AL072018,             GORDON,25,,,,,,,,,,,,,,,,,
20180902,1800,  , DB, 22.4N,  77.0W,25,1012,0,0,0,0,0,0,0,0,0,0,0,0
20180903,0,  , DB, 23.3N,  78.2W,25,1011,0,0,0,0,0,0,0,0,0,0,0,0
20180903,600,  , TD, 24.2N,  79.4W,30,1009,0,0,0,0,0,0,0,0,0,0,0,0
20180903,900, R, TS, 24.6N,  80.0W,35,1008,40,40,0,0,0,0,0,0,0,0,0,0
20180903,1115, L, TS, 25.0N,  80.5W,45,1006,40,40,0,0,0,0,0,0,0,0,0,0
20180903,1200,  , TS, 25.1N,  80.7W,45,1006,40,40,0,0,0,0,0,0,0,0,0,0
20180903,1315, L, TS, 25.2N,  80.9W,45,1006,40,40,0,0,0,0,0,0,0,0,0,0
20180903,1800,  , TS, 25.8N,  81.9W,50,1004,40,40,20,20,10,0,0,10,0,0,0,0
20180904,0,  , TS, 26.6N,  83.3W,55,1003,40,50,20,50,10,0,0,10,0,0,0,0
20180904,600,  , TS, 27.2N,  84.9W,55,1002,40,50,20,50,20,0,0,10,0,0,0,0
20180904,1200,  , TS, 28.1N,  86.2W,55,1001,70,50,20,60,20,0,0,0,0,0,0,0
20180904,1800,  , TS, 28.9N,  87.2W,60,1000,70,50,20,60,20,0,0,0,0,0,0,0
20180905,0,  , TS, 29.8N,  88.0W,60,999,70,50,20,50,20,0,0,0,0,0,0,0
20180905,315, L, TS, 30.4N,  88.5W,60,996,70,50,20,50,20,0,0,0,0,0,0,0
20180905,600,  , TS, 30.9N,  88.9W,45,1002,50,50,20,50,0,0,0,0,0,0,0,0
20180905,1200,  , TD, 31.9N,  89.8W,30,1007,0,0,0,0,0,0,0,0,0,0,0,0
20180905,1800,  , TD, 32.5N,  90.4W,25,1012,0,0,0,0,0,0,0,0,0,0,0,0
20180906,0,  , TD, 33.0N,  90.9W,20,1013,0,0,0,0,0,0,0,0,0,0,0,0
20180906,600,  , TD, 33.5N,  91.4W,20,1014,0,0,0,0,0,0,0,0,0,0,0,0
20180906,1200,  , TD, 33.9N,  91.7W,15,1014,0,0,0,0,0,0,0,0,0,0,0,0
20180906,1800,  , LO, 34.2N,  91.9W,15,1014,0,0,0,0,0,0,0,0,0,0,0,0
20180907,0,  , LO, 34.4N,  92.0W,15,1014,0,0,0,0,0,0,0,0,0,0,0,0
20180907,600,  , LO, 34.6N,  92.1W,15,1014,0,0,0,0,0,0,0,0,0,0,0,0
20180907,1200,  , LO, 35.0N,  92.2W,15,1014,0,0,0,0,0,0,0,0,0,0,0,0
20180907,1800,  , LO, 35.5N,  92.3W,15,1014,0,0,0,0,0,0,0,0,0,0,0,0
AL082018,             HELENE,42,,,,,,,,,,,,,,,,,
20180907,1200,  , TD, 13.4N,  16.8W,30,1004,0,0,0,0,0,0,0,0,0,0,0,0
20180907,1800,  , TD, 13.5N,  17.4W,30,1003,0,0,0,0,0,0,0,0,0,0,0,0
20180908,0,  , TS, 13.6N,  18.0W,35,1002,0,30,60,0,0,0,0,0,0,0,0,0
20180908,600,  , TS, 13.7N,  18.9W,40,1002,0,30,50,0,0,0,0,0,0,0,0,0
20180908,1200,  , TS, 13.5N,  19.9W,45,1001,0,30,40,50,0,0,0,0,0,0,0,0
20180908,1800,  , TS, 13.3N,  21.0W,45,1000,0,30,40,50,0,0,0,0,0,0,0,0
20180909,0,  , TS, 13.2N,  22.2W,50,999,60,60,30,60,30,30,0,0,0,0,0,0
20180909,600,  , TS, 13.1N,  23.4W,55,998,70,60,30,60,30,30,0,30,0,0,0,0
20180909,1200,  , TS, 13.2N,  24.5W,60,996,70,60,30,60,30,30,0,30,0,0,0,0
20180909,1800,  , HU, 13.4N,  25.6W,65,992,70,60,30,60,30,30,0,30,15,0,0,0
20180910,0,  , HU, 13.7N,  26.7W,75,984,80,60,30,70,40,30,0,40,20,15,0,20
20180910,600,  , HU, 14.0N,  28.0W,80,980,80,60,30,70,40,30,0,40,20,15,0,20
20180910,1200,  , HU, 14.4N,  29.4W,85,977,90,70,40,80,50,40,20,50,30,20,10,30
20180910,1800,  , HU, 14.8N,  30.8W,90,973,100,70,40,80,50,40,20,50,30,20,10,30
20180911,0,  , HU, 15.3N,  32.1W,95,969,100,70,40,80,50,40,20,50,30,20,10,30
20180911,600,  , HU, 15.7N,  33.2W,95,968,100,80,40,80,50,40,30,50,30,20,10,30
20180911,1200,  , HU, 16.2N,  34.0W,95,967,100,90,60,80,50,40,40,60,30,20,10,30
20180911,1800,  , HU, 16.8N,  34.6W,90,970,120,100,70,90,60,50,50,50,30,20,20,30
20180912,0,  , HU, 17.6N,  35.3W,85,973,120,110,80,100,70,60,60,70,40,30,20,40
20180912,600,  , HU, 18.7N,  35.8W,80,976,120,110,90,120,70,60,60,70,40,30,30,40
20180912,1200,  , HU, 19.8N,  36.3W,80,976,130,110,90,120,70,60,60,70,40,30,30,40
20180912,1800,  , HU, 20.8N,  36.7W,75,979,130,100,100,120,70,60,60,70,40,30,30,40
20180913,0,  , HU, 21.9N,  37.1W,70,982,130,100,100,120,70,60,60,70,40,30,30,40
20180913,600,  , HU, 22.9N,  37.3W,65,985,120,100,100,120,70,60,60,70,40,30,30,40
20180913,1200,  , TS, 24.1N,  37.4W,60,988,120,100,80,120,60,50,50,60,0,0,0,0
20180913,1800,  , TS, 25.4N,  37.4W,60,988,130,100,80,110,60,50,40,40,0,0,0,0
20180914,0,  , TS, 27.2N,  37.4W,60,989,130,100,80,110,60,50,40,40,0,0,0,0
20180914,600,  , TS, 29.4N,  37.3W,60,989,130,100,80,100,60,50,40,40,0,0,0,0
20180914,1200,  , TS, 31.8N,  37.2W,60,988,130,100,80,100,60,50,40,40,0,0,0,0
20180914,1800,  , TS, 33.7N,  37.0W,60,987,130,110,70,110,60,50,30,40,0,0,0,0
20180915,0,  , TS, 35.2N,  36.5W,60,986,140,120,70,120,50,50,0,0,0,0,0,0
20180915,600,  , TS, 36.9N,  35.7W,60,986,140,140,70,120,50,50,0,0,0,0,0,0
20180915,1200,  , TS, 38.4N,  34.5W,55,987,140,160,70,120,50,50,0,0,0,0,0,0
20180915,1800,  , TS, 39.6N,  32.9W,55,989,140,160,70,120,50,50,0,0,0,0,0,0
20180916,0,  , TS, 40.6N,  31.5W,50,992,140,160,80,120,50,50,0,0,0,0,0,0
20180916,600,  , TS, 41.8N,  29.6W,45,993,130,180,100,120,0,0,0,0,0,0,0,0
20180916,1200,  , EX, 43.1N,  27.1W,45,993,120,200,150,120,0,0,0,0,0,0,0,0
20180916,1800,  , EX, 44.1N,  24.0W,45,993,120,200,160,120,0,0,0,0,0,0,0,0
20180917,0,  , EX, 45.2N,  20.0W,50,992,120,200,160,120,0,0,0,0,0,0,0,0
20180917,600,  , EX, 46.7N,  16.0W,50,992,120,200,160,120,0,80,0,0,0,0,0,0
20180917,1200,  , EX, 48.0N,  12.5W,50,992,120,200,160,120,0,80,0,0,0,0,0,0
20180917,1800,  , EX, 49.5N,  10.0W,45,995,120,200,160,120,0,0,0,0,0,0,0,0
AL092018,              ISAAC,31,,,,,,,,,,,,,,,,,
20180907,1200,  , TD, 13.5N,  35.0W,30,1007,0,0,0,0,0,0,0,0,0,0,0,0
20180907,1800,  , TD, 13.7N,  34.9W,30,1007,0,0,0,0,0,0,0,0,0,0,0,0
20180908,0,  , TD, 13.9N,  34.9W,30,1007,0,0,0,0,0,0,0,0,0,0,0,0
20180908,600,  , TD, 14.2N,  35.2W,30,1007,0,0,0,0,0,0,0,0,0,0,0,0
20180908,1200,  , TS, 14.4N,  35.8W,35,1006,0,0,0,40,0,0,0,0,0,0,0,0
20180908,1800,  , TS, 14.5N,  36.3W,40,1005,40,0,0,40,0,0,0,0,0,0,0,0
20180909,0,  , TS, 14.4N,  37.0W,45,1002,40,20,20,40,0,0,0,0,0,0,0,0
20180909,600,  , TS, 14.3N,  37.7W,50,1001,40,20,20,40,20,0,0,20,0,0,0,0
20180909,1200,  , TS, 14.3N,  38.7W,55,999,40,20,20,40,20,0,0,20,0,0,0,0
20180909,1800,  , TS, 14.4N,  39.8W,60,997,40,20,20,40,20,10,0,20,0,0,0,0
20180910,0,  , HU, 14.5N,  41.0W,65,995,40,20,20,40,20,10,10,20,10,0,0,10
20180910,600,  , HU, 14.5N,  42.2W,65,995,40,20,20,40,20,10,10,20,10,0,0,10
20180910,1200,  , HU, 14.4N,  43.5W,65,995,40,20,20,40,20,10,10,20,10,0,0,10
20180910,1800,  , HU, 14.4N,  44.8W,65,995,40,20,20,40,20,10,10,20,10,0,0,10
20180911,0,  , TS, 14.5N,  46.2W,60,997,40,20,20,40,20,0,0,20,0,0,0,0
20180911,600,  , TS, 14.6N,  47.6W,60,997,50,20,20,50,20,0,0,20,0,0,0,0
20180911,1200,  , TS, 14.6N,  49.1W,60,997,70,20,20,70,20,0,0,20,0,0,0,0
20180911,1800,  , TS, 14.6N,  50.5W,60,997,90,20,20,90,20,0,0,20,0,0,0,0
20180912,0,  , TS, 14.5N,  51.7W,55,998,90,20,0,90,20,0,0,20,0,0,0,0
20180912,600,  , TS, 14.6N,  52.9W,55,999,100,40,0,100,20,0,0,20,0,0,0,0
20180912,1200,  , TS, 14.9N,  54.2W,55,1001,120,60,0,140,40,0,0,40,0,0,0,0
20180912,1800,  , TS, 15.2N,  55.7W,50,1003,140,60,0,140,60,0,0,50,0,0,0,0
20180913,0,  , TS, 15.3N,  57.2W,45,1004,140,90,0,140,0,0,0,0,0,0,0,0
20180913,600,  , TS, 15.1N,  58.9W,40,1004,140,110,0,140,0,0,0,0,0,0,0,0
20180913,1200,  , TS, 14.9N,  60.7W,40,1004,140,110,0,120,0,0,0,0,0,0,0,0
20180913,1800,  , TS, 14.9N,  62.3W,35,1004,90,0,0,90,0,0,0,0,0,0,0,0
20180914,0,  , TS, 14.9N,  63.6W,35,1004,70,0,0,0,0,0,0,0,0,0,0,0
20180914,600,  , TS, 15.0N,  64.8W,35,1004,50,0,0,0,0,0,0,0,0,0,0,0
20180914,1200,  , TS, 15.2N,  66.2W,35,1004,50,50,0,0,0,0,0,0,0,0,0,0
20180914,1800,  , TS, 15.3N,  67.6W,35,1004,50,50,0,0,0,0,0,0,0,0,0,0
20180915,0,  , TD, 15.4N,  69.0W,30,1006,0,0,0,0,0,0,0,0,0,0,0,0
AL102018,              JOYCE,39,,,,,,,,,,,,,,,,,
20180912,0,  , EX, 37.0N,  39.8W,45,1012,0,0,0,120,0,0,0,0,0,0,0,0
20180912,600,  , EX, 36.6N,  40.7W,45,1011,150,60,60,150,0,0,0,0,0,0,0,0
20180912,1200,  , SS, 35.8N,  41.5W,40,1010,150,60,60,150,0,0,0,0,0,0,0,0
20180912,1800,  , SS, 34.8N,  41.9W,40,1008,0,0,0,100,0,0,0,0,0,0,0,0
20180913,0,  , SS, 34.3N,  42.4W,40,1006,0,0,0,100,0,0,0,0,0,0,0,0
20180913,600,  , SS, 34.0N,  42.9W,40,1005,0,0,0,70,0,0,0,0,0,0,0,0
20180913,1200,  , SS, 33.9N,  43.4W,35,1004,0,0,0,70,0,0,0,0,0,0,0,0
20180913,1800,  , SS, 33.6N,  43.9W,35,1003,0,0,0,60,0,0,0,0,0,0,0,0
20180914,0,  , TS, 33.1N,  44.4W,35,1002,0,30,0,0,0,0,0,0,0,0,0,0
20180914,600,  , TS, 32.5N,  44.8W,35,1001,0,30,0,0,0,0,0,0,0,0,0,0
20180914,1200,  , TS, 31.8N,  44.9W,35,1000,0,30,0,0,0,0,0,0,0,0,0,0
20180914,1800,  , TS, 31.5N,  44.5W,40,997,30,30,0,0,0,0,0,0,0,0,0,0
20180915,0,  , TS, 31.4N,  43.9W,45,995,30,30,0,0,0,0,0,0,0,0,0,0
20180915,600,  , TS, 31.5N,  42.8W,45,995,40,40,0,0,0,0,0,0,0,0,0,0
20180915,1200,  , TS, 31.9N,  41.6W,40,1001,40,40,0,0,0,0,0,0,0,0,0,0
20180915,1800,  , TS, 32.5N,  40.3W,40,1003,40,40,0,0,0,0,0,0,0,0,0,0
20180916,0,  , TS, 33.2N,  38.8W,35,1005,40,40,0,0,0,0,0,0,0,0,0,0
20180916,600,  , TS, 33.8N,  37.1W,35,1006,40,40,0,0,0,0,0,0,0,0,0,0
20180916,1200,  , TD, 34.3N,  35.2W,30,1006,0,0,0,0,0,0,0,0,0,0,0,0
20180916,1800,  , TD, 34.4N,  33.2W,30,1006,0,0,0,0,0,0,0,0,0,0,0,0
20180917,0,  , TD, 34.3N,  31.4W,30,1006,0,0,0,0,0,0,0,0,0,0,0,0
20180917,600,  , TD, 34.2N,  30.1W,30,1006,0,0,0,0,0,0,0,0,0,0,0,0
20180917,1200,  , TD, 34.1N,  28.9W,30,1006,0,0,0,0,0,0,0,0,0,0,0,0
20180917,1800,  , TD, 33.9N,  28.0W,30,1006,0,0,0,0,0,0,0,0,0,0,0,0
20180918,0,  , TD, 33.5N,  27.5W,30,1006,0,0,0,0,0,0,0,0,0,0,0,0
20180918,600,  , TD, 32.8N,  27.3W,30,1006,0,0,0,0,0,0,0,0,0,0,0,0
20180918,1200,  , TD, 32.0N,  27.3W,30,1007,0,0,0,0,0,0,0,0,0,0,0,0
20180918,1800,  , TD, 31.1N,  27.5W,25,1008,0,0,0,0,0,0,0,0,0,0,0,0
20180919,0,  , LO, 30.4N,  27.9W,25,1009,0,0,0,0,0,0,0,0,0,0,0,0
20180919,600,  , LO, 30.0N,  28.5W,20,1010,0,0,0,0,0,0,0,0,0,0,0,0
20180919,1200,  , LO, 29.9N,  29.2W,20,1011,0,0,0,0,0,0,0,0,0,0,0,0
20180919,1800,  , LO, 29.9N,  29.9W,20,1012,0,0,0,0,0,0,0,0,0,0,0,0
20180920,0,  , LO, 29.8N,  30.6W,20,1013,0,0,0,0,0,0,0,0,0,0,0,0
20180920,600,  , LO, 29.6N,  31.4W,20,1014,0,0,0,0,0,0,0,0,0,0,0,0
20180920,1200,  , LO, 29.5N,  32.3W,20,1014,0,0,0,0,0,0,0,0,0,0,0,0
20180920,1800,  , LO, 29.6N,  33.2W,20,1014,0,0,0,0,0,0,0,0,0,0,0,0
20180921,0,  , LO, 29.7N,  34.0W,20,1014,0,0,0,0,0,0,0,0,0,0,0,0
20180921,600,  , LO, 30.1N,  34.7W,20,1014,0,0,0,0,0,0,0,0,0,0,0,0
20180921,1200,  , LO, 30.8N,  35.0W,20,1014,0,0,0,0,0,0,0,0,0,0,0,0
AL112018,            UNNAMED,5,,,,,,,,,,,,,,,,,
20180921,1800,  , TD, 12.9N,  52.5W,30,1008,0,0,0,0,0,0,0,0,0,0,0,0
20180922,0,  , TD, 13.0N,  53.2W,30,1007,0,0,0,0,0,0,0,0,0,0,0,0
20180922,600,  , TD, 13.0N,  53.4W,30,1007,0,0,0,0,0,0,0,0,0,0,0,0
20180922,1200,  , TD, 13.2N,  53.7W,25,1008,0,0,0,0,0,0,0,0,0,0,0,0
20180922,1800,  , TD, 13.4N,  53.9W,25,1008,0,0,0,0,0,0,0,0,0,0,0,0
AL122018,               KIRK,28,,,,,,,,,,,,,,,,,
20180922,600,  , TD,  7.7N,  21.8W,30,1007,0,0,0,0,0,0,0,0,0,0,0,0
20180922,1200,  , TS,  8.1N,  22.9W,35,1005,20,0,0,20,0,0,0,0,0,0,0,0
20180922,1800,  , TS,  8.5N,  24.1W,35,1005,30,0,0,20,0,0,0,0,0,0,0,0
20180923,0,  , TS,  8.9N,  25.7W,35,1005,30,0,0,0,0,0,0,0,0,0,0,0
20180923,600,  , TS,  9.1N,  27.3W,35,1005,40,0,0,0,0,0,0,0,0,0,0,0
20180923,1200,  , WV,  9.2N,  29.3W,35,1005,60,0,0,0,0,0,0,0,0,0,0,0
20180923,1800,  , WV,  9.3N,  31.7W,30,1006,0,0,0,0,0,0,0,0,0,0,0,0
20180924,0,  , WV,  9.4N,  34.1W,25,1007,0,0,0,0,0,0,0,0,0,0,0,0
20180924,600,  , WV,  9.6N,  36.4W,30,1007,0,0,0,0,0,0,0,0,0,0,0,0
20180924,1200,  , WV,  9.8N,  38.5W,35,1007,80,0,0,80,0,0,0,0,0,0,0,0
20180924,1800,  , WV, 10.0N,  40.6W,35,1007,120,0,0,120,0,0,0,0,0,0,0,0
20180925,0,  , WV, 10.3N,  42.7W,35,1007,140,0,0,60,0,0,0,0,0,0,0,0
20180925,600,  , WV, 10.7N,  44.8W,35,1007,140,0,0,0,0,0,0,0,0,0,0,0
20180925,1200,  , WV, 11.0N,  46.8W,35,1007,140,0,0,0,0,0,0,0,0,0,0,0
20180925,1800,  , WV, 11.3N,  48.6W,40,1006,140,0,0,0,0,0,0,0,0,0,0,0
20180926,0,  , TS, 11.5N,  50.3W,45,1005,120,90,0,40,0,0,0,0,0,0,0,0
20180926,600,  , TS, 11.8N,  52.0W,50,1004,100,90,0,40,30,0,0,0,0,0,0,0
20180926,1200,  , TS, 12.1N,  53.6W,55,1002,100,90,0,60,30,0,0,0,0,0,0,0
20180926,1800,  , TS, 12.5N,  55.0W,55,998,100,100,0,70,40,0,0,0,0,0,0,0
20180927,0,  , TS, 12.9N,  56.4W,50,1002,110,110,0,80,40,0,0,0,0,0,0,0
20180927,600,  , TS, 13.3N,  57.7W,50,1002,120,110,0,70,40,0,0,0,0,0,0,0
20180927,1200,  , TS, 13.6N,  58.7W,50,998,120,110,0,60,40,0,0,0,0,0,0,0
20180927,1800,  , TS, 14.0N,  59.8W,50,1000,120,110,0,60,40,0,0,0,0,0,0,0
20180928,0,  , TS, 13.8N,  60.8W,45,1002,130,130,0,60,0,0,0,0,0,0,0,0
20180928,30, L, TS, 13.8N,  60.9W,45,1002,130,130,0,60,0,0,0,0,0,0,0,0
20180928,600,  , TS, 13.3N,  61.9W,45,1005,100,100,0,60,0,0,0,0,0,0,0,0
20180928,1200,  , TS, 13.6N,  63.1W,40,1007,90,90,0,0,0,0,0,0,0,0,0,0
20180928,1800,  , TS, 14.4N,  64.2W,35,1007,90,90,0,0,0,0,0,0,0,0,0,0
AL132018,             LESLIE,89,,,,,,,,,,,,,,,,,
20180922,0,  , EX, 35.0N,  45.0W,25,1008,0,0,0,0,0,0,0,0,0,0,0,0
20180922,600,  , EX, 34.4N,  44.2W,30,1005,0,0,0,0,0,0,0,0,0,0,0,0
20180922,1200,  , EX, 33.7N,  44.2W,35,1003,120,120,0,0,0,0,0,0,0,0,0,0
20180922,1800,  , EX, 33.3N,  44.6W,35,1003,120,120,0,0,0,0,0,0,0,0,0,0
20180923,0,  , EX, 33.2N,  45.2W,35,1003,120,120,0,200,0,0,0,0,0,0,0,0
20180923,600,  , EX, 33.0N,  45.9W,35,1002,0,0,0,200,0,0,0,0,0,0,0,0
20180923,1200,  , SS, 33.2N,  46.5W,35,1002,0,0,0,200,0,0,0,0,0,0,0,0
20180923,1800,  , SS, 33.5N,  47.0W,35,1002,0,0,0,200,0,0,0,0,0,0,0,0
20180924,0,  , SS, 33.5N,  47.8W,35,1004,0,0,0,180,0,0,0,0,0,0,0,0
20180924,600,  , SS, 32.9N,  48.5W,35,1004,0,0,0,180,0,0,0,0,0,0,0,0
20180924,1200,  , SS, 32.8N,  47.9W,35,1004,0,0,0,180,0,0,0,0,0,0,0,0
20180924,1800,  , SS, 33.0N,  47.6W,35,1004,0,0,0,180,0,0,0,0,0,0,0,0
20180925,0,  , SD, 32.7N,  47.2W,30,1005,0,0,0,0,0,0,0,0,0,0,0,0
20180925,600,  , SD, 32.1N,  46.7W,30,1005,0,0,0,0,0,0,0,0,0,0,0,0
20180925,1200,  , EX, 31.7N,  45.2W,30,1005,0,0,0,0,0,0,0,0,0,0,0,0
20180925,1800,  , EX, 32.9N,  44.3W,40,1000,60,100,130,150,0,0,0,0,0,0,0,0
20180926,0,  , EX, 32.6N,  42.6W,50,998,60,100,130,150,0,0,40,40,0,0,0,0
20180926,600,  , EX, 32.3N,  40.3W,55,992,100,140,180,250,0,0,40,40,0,0,0,0
20180926,1200,  , EX, 33.8N,  38.5W,55,987,100,180,240,360,0,0,40,40,0,0,0,0
20180926,1800,  , EX, 36.1N,  38.6W,60,978,150,180,240,360,40,40,80,80,0,0,0,0
20180927,0,  , EX, 37.3N,  40.4W,65,970,300,210,240,400,90,90,150,180,0,50,0,170
20180927,600,  , EX, 37.1N,  41.6W,65,970,300,210,240,400,90,90,210,270,0,50,0,180
20180927,1200,  , EX, 37.0N,  42.5W,65,970,300,210,240,400,90,90,210,270,0,50,0,180
20180927,1800,  , EX, 37.0N,  43.4W,60,978,300,240,240,450,140,150,100,150,0,0,0,0
20180928,0,  , EX, 36.9N,  44.5W,50,983,360,360,360,450,120,80,50,80,0,0,0,0
20180928,600,  , EX, 36.6N,  45.3W,50,983,360,360,360,450,120,0,0,0,0,0,0,0
20180928,1200,  , SS, 36.4N,  46.4W,45,986,300,250,250,350,0,0,0,0,0,0,0,0
20180928,1800,  , SS, 36.3N,  47.4W,45,986,220,180,180,240,0,0,0,0,0,0,0,0
20180929,0,  , SS, 35.9N,  48.9W,40,991,220,150,150,200,0,0,0,0,0,0,0,0
20180929,600,  , SS, 35.4N,  50.0W,40,991,220,150,150,200,0,0,0,0,0,0,0,0
20180929,1200,  , SS, 34.7N,  50.6W,40,991,220,150,150,200,0,0,0,0,0,0,0,0
20180929,1800,  , TS, 34.3N,  51.3W,45,991,200,150,100,180,0,0,0,0,0,0,0,0
20180930,0,  , TS, 34.0N,  51.7W,45,991,200,150,100,180,0,0,0,0,0,0,0,0
20180930,600,  , TS, 33.8N,  52.2W,45,991,180,150,100,180,0,0,0,0,0,0,0,0
20180930,1200,  , TS, 33.7N,  52.6W,45,991,180,130,100,120,0,0,0,0,0,0,0,0
20180930,1800,  , TS, 33.6N,  53.0W,45,991,180,130,100,120,0,0,0,0,0,0,0,0
20181001,0,  , TS, 33.5N,  53.4W,45,991,150,120,80,110,0,0,0,0,0,0,0,0
20181001,600,  , TS, 33.3N,  53.7W,50,990,140,110,80,110,50,0,0,50,0,0,0,0
20181001,1200,  , TS, 33.1N,  54.1W,50,990,140,110,80,110,50,0,0,50,0,0,0,0
20181001,1800,  , TS, 32.8N,  54.4W,50,990,140,110,80,110,50,0,0,50,0,0,0,0
20181002,0,  , TS, 32.4N,  54.9W,50,990,140,110,80,110,50,0,0,50,0,0,0,0
20181002,600,  , TS, 31.9N,  55.4W,55,989,140,110,80,110,50,50,0,50,0,0,0,0
20181002,1200,  , TS, 31.2N,  55.9W,55,989,140,110,110,120,50,50,0,50,0,0,0,0
20181002,1800,  , TS, 30.4N,  56.2W,60,986,140,100,160,200,70,50,0,80,0,0,0,0
20181003,0,  , TS, 29.8N,  56.6W,60,984,140,100,160,200,70,50,0,80,0,0,0,0
20181003,600,  , HU, 29.6N,  56.8W,65,980,140,130,150,200,70,50,50,90,30,30,0,0
20181003,1200,  , HU, 29.5N,  56.8W,75,972,140,130,150,200,70,50,50,90,30,30,0,0
20181003,1800,  , HU, 29.8N,  56.9W,75,970,140,130,150,180,70,50,50,80,30,30,30,30
20181004,0,  , HU, 30.3N,  57.0W,75,972,140,130,150,180,70,50,50,80,30,30,30,30
20181004,600,  , HU, 30.9N,  57.1W,70,976,160,160,150,180,90,80,70,80,40,30,30,30
20181004,1200,  , HU, 31.7N,  57.2W,65,979,200,180,160,190,110,120,100,110,35,25,25,25
20181004,1800,  , TS, 32.8N,  57.3W,60,982,250,180,160,190,110,120,100,110,0,0,0,0
20181005,0,  , TS, 34.2N,  57.6W,55,984,250,180,160,190,110,120,100,110,0,0,0,0
20181005,600,  , TS, 35.2N,  58.2W,55,986,250,220,190,200,130,130,120,0,0,0,0,0
20181005,1200,  , TS, 35.9N,  58.3W,55,986,250,220,190,200,120,120,110,0,0,0,0,0
20181005,1800,  , TS, 36.2N,  58.1W,50,987,250,220,190,220,90,100,90,0,0,0,0,0
20181006,0,  , TS, 36.5N,  57.6W,50,987,250,220,190,220,90,100,90,0,0,0,0,0
20181006,600,  , TS, 36.9N,  57.0W,50,987,250,250,240,160,120,120,0,0,0,0,0,0
20181006,1200,  , TS, 37.4N,  56.4W,50,987,250,250,240,160,120,120,0,0,0,0,0,0
20181006,1800,  , TS, 37.5N,  55.1W,50,987,250,250,240,160,120,120,0,0,0,0,0,0
20181007,0,  , TS, 37.4N,  53.7W,50,987,250,250,240,160,120,120,0,0,0,0,0,0
20181007,600,  , TS, 37.1N,  52.5W,50,987,240,240,240,160,120,120,0,0,0,0,0,0
20181007,1200,  , TS, 36.5N,  51.6W,50,987,240,240,240,160,120,120,0,0,0,0,0,0
20181007,1800,  , TS, 36.1N,  50.5W,50,987,200,200,180,180,90,90,0,0,0,0,0,0
20181008,0,  , TS, 35.8N,  49.4W,45,989,150,200,180,200,0,0,0,0,0,0,0,0
20181008,600,  , TS, 35.5N,  48.5W,45,989,150,200,180,200,0,0,0,0,0,0,0,0
20181008,1200,  , TS, 34.9N,  47.4W,45,989,150,200,180,200,0,0,0,0,0,0,0,0
20181008,1800,  , TS, 34.3N,  46.2W,50,986,120,150,150,270,0,50,50,0,0,0,0,0
20181009,0,  , TS, 33.5N,  45.1W,55,983,120,150,150,270,0,50,50,0,0,0,0,0
20181009,600,  , TS, 32.7N,  44.2W,55,983,120,150,150,270,0,50,50,0,0,0,0,0
20181009,1200,  , TS, 31.6N,  43.6W,55,983,120,120,180,270,0,50,50,0,0,0,0,0
20181009,1800,  , TS, 30.7N,  43.1W,60,983,120,120,180,270,0,50,50,0,0,0,0,0
20181010,0,  , HU, 29.8N,  42.7W,65,981,120,90,120,270,40,40,40,40,0,20,20,0
20181010,600,  , HU, 28.8N,  42.7W,65,981,120,90,120,240,40,40,40,40,0,20,20,0
20181010,1200,  , HU, 28.1N,  42.5W,65,980,110,100,120,240,40,40,40,40,0,20,20,0
20181010,1800,  , HU, 27.7N,  42.2W,65,980,100,130,130,240,40,50,40,40,0,20,20,0
20181011,0,  , HU, 27.7N,  41.6W,70,978,100,130,130,210,40,50,50,40,0,20,25,0
20181011,600,  , HU, 28.1N,  40.7W,70,978,100,130,130,210,40,50,50,40,0,20,25,0
20181011,1200,  , HU, 28.8N,  39.3W,70,978,140,160,160,210,40,50,50,40,0,25,25,0
20181011,1800,  , HU, 29.5N,  37.5W,75,976,140,160,160,210,40,80,80,40,0,40,40,0
20181012,0,  , HU, 30.4N,  35.2W,80,968,140,180,160,180,50,100,100,50,0,65,65,0
20181012,600,  , HU, 31.4N,  32.5W,80,968,140,180,160,180,50,100,100,50,0,65,65,0
20181012,1200,  , HU, 32.6N,  29.6W,75,971,140,180,180,180,50,90,70,30,0,60,50,0
20181012,1800,  , HU, 33.4N,  26.3W,75,971,140,180,180,180,50,90,70,30,0,60,50,0
20181013,0,  , HU, 34.2N,  22.4W,70,976,140,180,180,150,50,90,90,0,0,50,50,0
20181013,600,  , HU, 35.5N,  18.3W,65,977,140,180,180,150,50,90,90,0,0,50,50,0
20181013,1200,  , HU, 37.2N,  14.1W,65,979,140,180,180,150,50,90,90,0,0,50,50,0
20181013,1800,  , EX, 39.3N,  10.5W,60,984,140,180,180,150,50,90,90,0,0,0,0,0
20181014,0,  , EX, 41.1N,   7.6W,40,998,0,0,120,210,0,0,0,0,0,0,0,0
AL142018,            MICHAEL,38,,,,,,,,,,,,,,,,,
20181006,1800,  , LO, 17.8N,  86.6W,25,1006,0,0,0,0,0,0,0,0,0,0,0,0
20181007,0,  , LO, 18.1N,  86.9W,25,1004,0,0,0,0,0,0,0,0,0,0,0,0
20181007,600,  , TD, 18.4N,  86.8W,30,1004,0,0,0,0,0,0,0,0,0,0,0,0
20181007,1200,  , TS, 18.8N,  86.4W,35,1003,120,180,0,0,0,0,0,0,0,0,0,0
20181007,1800,  , TS, 19.1N,  85.7W,45,999,120,180,0,0,0,0,0,0,0,0,0,0
20181008,0,  , TS, 19.7N,  85.5W,50,996,120,150,90,90,40,0,0,0,0,0,0,0
20181008,600,  , TS, 20.2N,  85.4W,60,984,120,150,90,90,80,80,0,50,0,0,0,0
20181008,1200,  , HU, 20.9N,  85.1W,65,982,120,150,90,90,70,50,20,50,25,0,0,0
20181008,1800,  , HU, 21.7N,  85.1W,75,977,120,150,80,90,60,50,20,50,30,0,0,25
20181009,0,  , HU, 22.7N,  85.2W,85,971,150,150,80,110,60,50,30,50,30,30,25,30
20181009,600,  , HU, 23.7N,  85.8W,85,973,170,140,70,140,70,50,30,50,35,30,20,30
20181009,1200,  , HU, 24.6N,  86.2W,90,968,160,140,70,140,70,50,30,50,30,30,20,30
20181009,1800,  , HU, 25.6N,  86.4W,100,961,160,140,70,140,70,50,30,50,40,30,20,30
20181010,0,  , HU, 26.6N,  86.5W,110,952,160,140,70,140,70,60,30,50,40,30,20,30
20181010,600,  , HU, 27.7N,  86.6W,120,945,160,140,70,140,80,80,30,50,40,30,20,30
20181010,1200,  , HU, 29.0N,  86.3W,125,934,150,140,80,120,80,80,40,50,40,35,25,30
20181010,1730, L, HU, 30.0N,  85.5W,140,919,90,140,100,80,60,80,50,50,35,35,25,25
20181010,1800,  , HU, 30.2N,  85.4W,135,920,90,140,100,80,60,80,50,50,35,35,25,25
20181011,0,  , HU, 31.5N,  84.5W,80,957,60,140,60,40,40,40,30,20,25,25,0,0
20181011,600,  , TS, 32.8N,  83.2W,50,979,50,140,50,0,0,20,0,0,0,0,0,0
20181011,1200,  , TS, 34.1N,  81.7W,45,987,0,160,0,0,0,0,0,0,0,0,0,0
20181011,1800,  , TS, 35.6N,  80.0W,45,991,0,200,0,0,0,0,0,0,0,0,0,0
20181012,0,  , EX, 36.5N,  77.7W,50,988,90,240,0,60,0,120,0,0,0,0,0,0
20181012,600,  , EX, 37.3N,  75.0W,60,983,90,240,80,80,0,50,50,50,0,0,0,0
20181012,1200,  , EX, 39.1N,  70.6W,60,980,90,240,80,60,0,50,50,0,0,0,0,0
20181012,1800,  , EX, 41.1N,  66.1W,60,977,90,320,230,60,0,90,90,0,0,0,0,0
20181013,0,  , EX, 43.1N,  61.5W,65,975,90,400,380,60,0,220,220,0,0,180,0,0
20181013,600,  , EX, 44.8N,  55.7W,65,975,90,400,380,60,0,220,220,0,0,180,0,0
20181013,1200,  , EX, 46.4N,  48.2W,65,975,120,400,380,60,0,220,220,0,0,180,0,0
20181013,1800,  , EX, 47.6N,  40.7W,65,975,120,400,380,60,0,220,220,0,0,180,0,0
20181014,0,  , EX, 48.4N,  33.1W,65,975,120,400,380,100,0,220,220,60,0,180,0,0
20181014,600,  , EX, 48.8N,  26.1W,65,975,120,400,380,150,0,220,220,90,0,180,0,0
20181014,1200,  , EX, 48.6N,  20.7W,60,975,170,340,340,220,120,150,150,120,0,0,0,0
20181014,1800,  , EX, 47.5N,  16.4W,55,978,170,340,340,220,120,100,100,120,0,0,0,0
20181015,0,  , EX, 45.9N,  13.5W,55,982,140,320,320,170,100,0,120,120,0,0,0,0
20181015,600,  , EX, 44.4N,  11.4W,50,989,140,320,320,170,0,100,100,0,0,0,0,0
20181015,1200,  , EX, 42.8N,  10.3W,35,996,0,200,0,170,0,0,0,0,0,0,0,0
20181015,1800,  , EX, 41.2N,  10.0W,35,1001,0,200,0,170,0,0,0,0,0,0,0,0
AL152018,             NADINE,18,,,,,,,,,,,,,,,,,
20181008,1200,  , LO,  9.3N,  26.7W,25,1009,0,0,0,0,0,0,0,0,0,0,0,0
20181008,1800,  , LO,  9.5N,  27.6W,25,1009,0,0,0,0,0,0,0,0,0,0,0,0
20181009,0,  , LO,  9.8N,  28.4W,25,1009,0,0,0,0,0,0,0,0,0,0,0,0
20181009,600,  , TD, 10.1N,  29.0W,30,1008,0,0,0,0,0,0,0,0,0,0,0,0
20181009,1200,  , TS, 10.4N,  29.6W,35,1006,30,0,0,20,0,0,0,0,0,0,0,0
20181009,1800,  , TS, 10.8N,  30.2W,40,1004,40,30,0,30,0,0,0,0,0,0,0,0
20181010,0,  , TS, 11.2N,  30.7W,50,999,50,40,20,50,20,0,0,20,0,0,0,0
20181010,600,  , TS, 11.8N,  30.9W,55,995,60,50,30,60,30,20,20,30,0,0,0,0
20181010,1200,  , TS, 12.3N,  31.4W,55,996,70,60,30,60,30,20,20,30,0,0,0,0
20181010,1800,  , TS, 12.8N,  32.0W,50,998,70,60,30,60,30,20,0,20,0,0,0,0
20181011,0,  , TS, 13.3N,  32.5W,50,998,70,50,30,60,30,0,0,30,0,0,0,0
20181011,600,  , TS, 13.6N,  33.1W,45,1001,70,40,30,60,0,0,0,0,0,0,0,0
20181011,1200,  , TS, 13.9N,  33.8W,45,1001,60,40,30,50,0,0,0,0,0,0,0,0
20181011,1800,  , TS, 14.3N,  34.6W,45,1002,60,40,30,50,0,0,0,0,0,0,0,0
20181012,0,  , TS, 14.8N,  35.0W,40,1003,50,30,0,50,0,0,0,0,0,0,0,0
20181012,600,  , TS, 15.3N,  35.3W,40,1004,50,30,0,50,0,0,0,0,0,0,0,0
20181012,1200,  , TS, 15.8N,  35.7W,35,1006,50,0,0,50,0,0,0,0,0,0,0,0
20181012,1800,  , TD, 16.2N,  37.0W,30,1008,0,0,0,0,0,0,0,0,0,0,0,0
AL162018,              OSCAR,36,,,,,,,,,,,,,,,,,
20181026,1800,  , SS, 25.4N,  45.3W,35,1006,80,80,0,0,0,0,0,0,0,0,0,0
20181027,0,  , SS, 26.4N,  45.3W,40,1005,90,90,0,90,0,0,0,0,0,0,0,0
20181027,600,  , SS, 27.1N,  46.5W,45,998,90,90,0,120,0,0,0,0,0,0,0,0
20181027,1200,  , SS, 27.4N,  48.0W,50,995,90,90,30,150,0,0,0,30,0,0,0,0
20181027,1800,  , TS, 27.1N,  49.9W,50,995,90,90,40,150,0,0,0,30,0,0,0,0
20181028,0,  , TS, 25.9N,  51.1W,55,994,80,70,60,120,30,0,0,30,0,0,0,0
20181028,600,  , TS, 25.4N,  52.0W,55,994,80,70,60,90,30,0,0,30,0,0,0,0
20181028,1200,  , TS, 25.4N,  53.1W,60,990,80,70,60,90,30,0,0,30,0,0,0,0
20181028,1800,  , HU, 25.7N,  54.8W,65,988,70,60,50,70,30,20,20,30,15,0,0,15
20181029,0,  , HU, 25.5N,  56.4W,65,988,60,40,40,50,30,20,20,30,15,0,0,15
20181029,600,  , HU, 25.5N,  57.5W,70,986,60,40,40,50,30,20,20,30,15,0,0,15
20181029,1200,  , HU, 25.7N,  58.1W,75,981,60,40,40,50,30,20,20,30,15,10,10,15
20181029,1800,  , HU, 26.2N,  58.5W,85,974,60,40,40,50,30,20,20,30,15,10,10,15
20181030,0,  , HU, 27.0N,  58.5W,95,966,60,40,40,50,30,20,20,30,15,10,10,15
20181030,600,  , HU, 28.0N,  58.4W,90,970,70,50,50,60,30,20,20,30,15,10,10,15
20181030,1200,  , HU, 29.0N,  58.0W,85,971,90,70,60,70,40,40,30,30,20,15,10,15
20181030,1800,  , HU, 30.3N,  57.3W,75,977,110,100,90,90,40,50,60,30,20,15,10,15
20181031,0,  , HU, 31.7N,  56.0W,70,977,130,110,100,100,50,50,60,40,25,20,20,20
20181031,600,  , HU, 33.0N,  54.6W,70,977,140,140,120,100,50,50,60,40,25,20,20,20
20181031,1200,  , HU, 35.4N,  52.4W,70,974,180,210,180,120,60,70,70,50,30,40,40,20
20181031,1800,  , EX, 38.0N,  50.5W,70,972,240,240,240,270,70,100,100,100,0,70,70,0
20181101,0,  , EX, 40.7N,  48.7W,75,968,360,300,400,400,160,160,140,120,0,110,110,0
20181101,600,  , EX, 43.4N,  46.9W,75,965,400,400,400,400,160,160,140,120,0,110,110,0
20181101,1200,  , EX, 46.0N,  44.7W,65,965,470,500,360,360,80,200,160,120,0,110,60,0
20181101,1800,  , EX, 48.2N,  41.8W,60,965,470,500,360,360,0,200,160,120,0,0,0,0
20181102,0,  , EX, 50.3N,  38.6W,60,965,470,500,360,360,0,200,160,120,0,0,0,0
20181102,600,  , EX, 52.3N,  35.5W,60,961,420,500,450,330,0,200,160,120,0,0,0,0
20181102,1200,  , EX, 53.4N,  33.1W,60,957,420,540,450,300,0,210,200,140,0,0,0,0
20181102,1800,  , EX, 54.2N,  30.4W,65,954,480,540,450,300,0,210,200,140,0,150,180,0
20181103,0,  , EX, 55.3N,  26.8W,70,952,540,540,520,480,0,240,300,0,0,150,180,0
20181103,600,  , EX, 56.6N,  23.1W,65,956,660,540,570,570,0,270,330,0,0,150,180,0
20181103,1200,  , EX, 57.9N,  19.6W,55,960,780,600,660,480,0,240,0,0,0,0,0,0
20181103,1800,  , EX, 58.9N,  17.1W,50,964,480,600,660,420,0,240,0,0,0,0,0,0
20181104,0,  , EX, 59.8N,  14.5W,45,968,360,480,480,360,0,0,0,0,0,0,0,0
20181104,600,  , EX, 60.8N,  12.1W,40,973,270,330,360,270,0,0,0,0,0,0,0,0
20181104,1200,  , EX, 62.4N,   9.1W,40,977,240,300,0,210,0,0,0,0,0,0,0,0
